{
  "project_info": {
    "project_number": "869575665721",
    "project_id": "calen-13ad3e",
    "storage_bucket": "calen-13ad3e.firebasestorage.app"
  },
  "client": [
    {
      "client_info": {
        "mobilesdk_app_id": "1:869575665721:android:1db96f6323f3f1bd9345e8",
        "android_client_info": {
          "package_name": "Clen.dario"
        }
      },
      "oauth_client": [],
      "api_key": [
        {
          "current_key": "AIzaSyDRXz-2gogvPeNn3yHiSF59ajAte5RV34I"
        }
      ],
      "services": {
        "appinvite_service": {
          "other_platform_oauth_client": []
        }
      }
    }
  ],
  "configuration_version": "1"
}